{
    "locateObject:stone": 51.06262673026609,
    "locateObject:furnace": 56.14931154496418,
    "locateObject:wood": 50.72031673250355,
    "locateObject:iron ore": 52.15231893469539,
    "locateObject:coal": 49.960225738645136,
    "locateObject:crafting bench": 49.42289144762241
}