{
    "locateObject:wood": 51.60232490737572,
    "locateObject:stone": 49.90313968068074,
    "locateObject:iron ore": 51.79315256667953,
    "locateObject:coal": 48.962501872412204,
    "locateObject:crafting bench": 47.455060631880784
}