{
    "locateObject:stone": 49.904985259590255,
    "locateObject:wood": 51.60312810924153,
    "locateObject:crafting bench": 47.45593754643256,
    "locateObject:iron ore": 51.79439584067343,
    "locateObject:furnace": 51.111492154237226,
    "locateObject:coal": 48.96272620296416
}