{
    "locateObject:stone": 50.72791590639242,
    "locateObject:wood": 51.50111593723788,
    "locateObject:coal": 49.89296419669027,
    "locateObject:iron ore": 55.096574029771666,
    "locateObject:furnace": 56.11189171617196,
    "locateObject:crafting bench": 46.47595197958456
}