{
    "locateObject:wood": 49.96896232069472,
    "locateObject:coal": 49.89887139495389,
    "locateObject:crafting bench": 52.82928184112797,
    "locateObject:furnace": 56.105347706487585,
    "locateObject:stone": 53.639698799581275,
    "locateObject:iron ore": 55.10744328203741
}