{
    "locateObject:crafting bench": 46.496432036153486,
    "locateObject:stone": 50.510492425566206,
    "locateObject:coal": 49.91351177848401,
    "locateObject:furnace": 56.1051006979935,
    "locateObject:iron ore": 55.113494161883054,
    "locateObject:wood": 51.6512184479516
}