{
    "locateObject:furnace": 56.09859967829596,
    "locateObject:coal": 49.893908787349574,
    "locateObject:iron ore": 55.09993527032372,
    "locateObject:stone": 53.62274489035588,
    "locateObject:wood": 51.25293813322018,
    "locateObject:crafting bench": 51.046586441127836
}