{
    "locateObject:stone": 54.03924578179591,
    "locateObject:furnace": 56.10835811723155,
    "locateObject:iron ore": 55.10902421143354,
    "locateObject:crafting bench": 49.84215441953515,
    "locateObject:coal": 49.907971317503936,
    "locateObject:wood": 48.656188468957716
}