{
    "locateObject:wood": 51.63766704873022,
    "locateObject:furnace": 58.82313015087171,
    "locateObject:stone": 50.50287519411752,
    "locateObject:coal": 49.905253059532136,
    "locateObject:crafting bench": 46.487943550393446,
    "locateObject:iron ore": 55.107881417454166
}