{
    "locateObject:iron ore": 55.12049318742781,
    "locateObject:coal": 49.92191572835113,
    "locateObject:stone": 50.51505875953655,
    "locateObject:furnace": 56.129009135374986,
    "locateObject:wood": 51.642900596693025,
    "locateObject:crafting bench": 46.503957324823325
}