{
    "locateObject:iron ore": 55.11329471373748,
    "locateObject:crafting bench": 46.483522641229015,
    "locateObject:wood": 51.634132456920845,
    "locateObject:furnace": 56.10780557789998,
    "locateObject:stone": 50.49392247919491,
    "locateObject:coal": 49.913782643728375
}